{
  "project_info": {
    "project_number": "743663596879",
    "project_id": "instaclone-5036d",
    "storage_bucket": "instaclone-5036d.firebasestorage.app"
  },
  "client": [
    {
      "client_info": {
        "mobilesdk_app_id": "1:743663596879:android:55708e7c9706ae2846c13a",
        "android_client_info": {
          "package_name": "com.example.instaclone"
        }
      },
      "oauth_client": [
        {
          "client_id": "743663596879-2bgimvkkk4eut1jlmtu405kqodj2p0ru.apps.googleusercontent.com",
          "client_type": 1,
          "android_info": {
            "package_name": "com.example.instaclone",
            "certificate_hash": "f1c961f4b1454c9fecbe3d9c41cee12b6aff39eb"
          }
        },
        {
          "client_id": "743663596879-jlff680dgalseh6k6obhi88d1ocasnq6.apps.googleusercontent.com",
          "client_type": 3
        }
      ],
      "api_key": [
        {
          "current_key": "AIzaSyDHfbAyNDqZ26fJgxypFrW9qfTRvKCpd94"
        }
      ],
      "services": {
        "appinvite_service": {
          "other_platform_oauth_client": [
            {
              "client_id": "743663596879-jlff680dgalseh6k6obhi88d1ocasnq6.apps.googleusercontent.com",
              "client_type": 3
            }
          ]
        }
      }
    }
  ],
  "configuration_version": "1"
}